[
    {
        "type": "text",
        "text": "The response of flow duration curves to afforestation ",
        "text_level": 1,
        "page_idx": 0
    },
    {
        "type": "text",
        "text": "Patrick N.J. Laneac\\*, AliceE.Bestb.cd, Klaus Hickelb.c, Lu Zhangbc aSchoolofForestandEcosystem Studies,UniversityofMelbourne,P.O.Box137,Heidelberg,Victoria3084,Australia bCSIRO Division of Land and Water, Canberra,ACT,Australia Cooperative Research Centre for Catchment Hydrology, Canberra,ACT,Australia dDepartment of Civil and Environmental Engineering, University of Melbourne, Victoria, Australia ",
        "page_idx": 0
    },
    {
        "type": "text",
        "text": "",
        "page_idx": 0
    },
    {
        "type": "text",
        "text": "Received 1 October 2003; revised 22 December 2004; accepted 3 January 2005 ",
        "page_idx": 0
    },
    {
        "type": "text",
        "text": "Abstract ",
        "text_level": 1,
        "page_idx": 0
    },
    {
        "type": "text",
        "text": "The hydrologic efect of replacing pasture or other short crops with trees is reasonably well understood on a mean anual basis.The impacton fowregime,as describedbythe annualfowduration curve (FDC)is lesscertain.Amethodtoassessthe impactof plantationestablishmentonFDCs was developed.Thestarting point fortheanalyses was theassumptionthatrainfall and vegetationagearethe principal driversof evapotranspiration.Akeyobjectivewas toremovethe variabilityintherainfall signal,leavingchanges instreamfowsolelyatrbutable toteevapotranspirationof thepantation.Amethodwasdevelopedto (1)fta modeltotheobserved annual time seriesofFDC percentiles;i.e.1Oth percentile foreach yearof record withanual rainfall and plantation age as parameters, （2)replace the annualrainfall variation with the long term mean toobtain climate adjustedFDCs,and(3)quantifychanges inFDCpercentiles asplantationsage.Datafrom 10catchments from Australia,South AfricaandNew Zealand wereused.The model was able torepresentflowvariation forthe majorityofpercentilesateightof the 10catchments,particularlyfor the1O-5Oth percentiles.TheadjustedFDCsrevealed variable pattrns in fowreductions with twotypes of responses (groups)being identified.Group1catchments showasubstantialincrease in the numberof zero flow days,with lowfows being more affctedthan high flows.Group 2catchments show amoreuniformreduction in fows across allpercentiles.Thediferences maybepartly explainedbystoragecharacteristics.Te modeledfowreductions were inaccord with published resultsof pairedcatchment experiments.Anadditional analysis was performed to characterise the impactof afforestation on the number of zero flow days $( N _ { \\mathrm { z e r o } } )$ for the catchments in group 1. This model performed particularly well, and when adjusted for climate,indicated a significant increase in $N _ { \\mathrm { z e r o } }$ . The zero flow day method could be used to determine change in theoccurrenceofanygiven fow inresponse toafforestation.The methods used inthisstudy proved satisfactoryinremoving therainfallvariability,and have addeduseful insightintothe hydrologic impactsof plantation establishment.This approach provides amethodologyforunderstandingcatchment responsetoaforestation,where paired catchmentdatais not available. ",
        "page_idx": 0
    },
    {
        "type": "text",
        "text": "$©$ 2005 Elsevier B.V. All rights reserved. ",
        "page_idx": 0
    },
    {
        "type": "text",
        "text": "Keywords:Afforestation; Flow duration curves; Flow reduction; Paired catchments ",
        "page_idx": 0
    },
    {
        "type": "text",
        "text": "1. Introduction ",
        "text_level": 1,
        "page_idx": 1
    },
    {
        "type": "text",
        "text": "Widespread afforestation through plantation establishment on non-forested land represents a potentially significant alteration of catchment evapotranspiration (ET).Using data collated from multiple catchment studies,researchers have demonstrated a consistent difference in ET between forests and grass or short crops,and the relationship between ET and rainfall on a mean annual basis (Holmes and Sinclair, 1986; Vertessy and Bessard，1999； Zhang et al.，1999, 2001). Once annual rainfall exceeds $4 0 0 { - } 5 0 0 ~ \\mathrm { m m }$ ， there is an increasing divergence between forest and grassland ET (Zhang et al.，2OO1). Research from South Africa in particular has demonstrated flow reduction following afforestation with both pine and eucalypt species (Bosch,1979;Van Lill et al., 1980; Van Wyk,1987; Bosch and Von Gadow,1990; Scott and Smith, 1997; Scott et al., 2000). In regions, where water is an increasingly valuable resource, prediction of the long-term hydrologic impact of afforestation is a prerequisite for the optimal planning of catchment land use. ",
        "page_idx": 1
    },
    {
        "type": "text",
        "text": "Zhang et al.(1999,2001） developed simple and easily parameterised models to predict changes in mean annual flows following afforestation. However, there is a need to consider the annual flow regime as the relative changes in high and low flows may have considerable site specific and downstream impacts.. Sikka et al.(2O03） recently showed a change from grassland to Eucalyptus globulus plantations in India decreased a low flow index by a factor of two during the first rotation (9 years),and by 3.75 during the second rotation, with more subdued impact on peak flows.The index was defined as the 1O day average flow exceeded $9 5 \\%$ of the time,obtained from analysis of 1O-day flow duration curves.Scott and Smith （1997） reported proportionally greater reductions in low flows (75-10Oth percentiles) than annual flows from South African research catchments under conversions from grass to pine and eucalypt plantations,while Bosch (1979) found the greatest reduction in seasonal flow from the summer wet season. Fahey and Jackson (1997) reported the reduction in peak flows was twice that of total flow and low flows for pine afforestation in New Zealand. The generalisations that can be drawn from annual analyses, where processes and hydrologic responses are to a certain extent integrated may not apply on a seasonal or shorter scale.Further, the observed impacts of any land use change on flows may be exaggerated or understated depending on the prevailing climate. Observations of flow during extended wet or dry spells,or with high annual variability can obscure the real impacts.Fig.1 plots annual FDCs over 12 years of plantation growth for one of the catchments used in this study,Pine Creek. The net change in flow is obscured by rainfall variability; e.g. the greatest change in the FDC is in 1996,with the stream flowing $< 2 0 \\%$ of the time.This may be compared with 2Ooo,where there is substantially higher flows. ",
        "page_idx": 1
    },
    {
        "type": "image",
        "img_path": "images/30158e15f89dfed8e0c23db03b004a803385bab6fe9cad9609ac7f8efc33d9c7.jpg",
        "image_caption": [
            "Fig.1.Annual flow duration curves of daily flows from Pine Creek, Australia, 1989-2000. "
        ],
        "image_footnote": [],
        "page_idx": 1
    },
    {
        "type": "text",
        "text": "",
        "page_idx": 1
    },
    {
        "type": "text",
        "text": "This paper presents the results of a project aimed at quantifying changes in annual flow regime of catchments following plantation establishment. The flow regime is represented by the flow duration curve (FDC).The key assumption was that rainfall and forest age are the principal drivers of evapotranspiration.For any generalisation of response of the FDC to vegetation change, the variation in the annual climate signal must be removed. The time-tested solution to this problem is the paired-catchment (control versus treatment) experiment.The benefits in such studies are manifold: unambiguous measures of trends, insights into the processes driving those trends, excellent opportunities for model parameterisation and validation. However these data are not readily available for the range of treamtments and environments required. Consequently, the aims of this project were to（1） fit a model to the observed annual time series of FDC percentiles; i.e. 1Oth percentile for each year of record with annual rainfall and plantation age as parameters,(2) replace the annual rainfall variation with the long term mean to obtain climate adjusted FDCs,and (3) quantify changes in FDC percentiles as plantations age. If the climate signal, represented by rainfall, could be successfully removed, the resulting changes in the FDC would be solely attributable to the vegetation. ",
        "page_idx": 1
    },
    {
        "type": "text",
        "text": "",
        "page_idx": 2
    },
    {
        "type": "text",
        "text": "2. Methods ",
        "text_level": 1,
        "page_idx": 2
    },
    {
        "type": "text",
        "text": "2.1. Characterisation of flow regime ",
        "text_level": 1,
        "page_idx": 2
    },
    {
        "type": "text",
        "text": "Flow duration curves display the relationship between streamflow and the percentage of time the streamflow is exceeded as a cumulative density function They can be constructed for any time period (daily, weekly, monthly,etc.) and provide a graphical and statistical view of historic streamflow variability in a single catchment or a comparison of intercatchment flow regimes. Vogel and Fennessey (1994) and Smakhtin （1999,2001） demonstrate the utility (and caveats） of FDCs in characterising, comparing and predicting flow regimes at varying temporal scales.Fig. 1 is an example of annual FDCs constructed from daily flows.For the consideration of annual flow regime, daily flows are an appropriate time step for FDC construction. ",
        "page_idx": 2
    },
    {
        "type": "text",
        "text": "FDCs were computed from the distribution of daily flows for each year of record based on the appropriate water years (May-April or November-October） for 10 Southern Hemisphere catchments.Each 10th percentile (decile） was extracted from the annual FDCs of each catchment to form the data sets for analysis. For the purpose of characterising changes in each of the deciles,it is assumed that the time series is principally a function of climate and vegetation characteristics.Given rainfall is generally the most important factor affecting streamflow and the most easily accessed data,it is chosen to represent the climate. Catchment physical properties such as soil properties and topography are assumed to be time invariant and therefore their impact on runoff is considered constant throughout the analysis.As trees intercept and transpire at increasing rates until canopy closure,a time term is required to represent plantation growth.A simple model relating the time series of each decile with rainfall and vegetation characteristics can be expressed as: ",
        "page_idx": 2
    },
    {
        "type": "text",
        "text": "",
        "page_idx": 2
    },
    {
        "type": "equation",
        "img_path": "images/993d3efc8254eb6ff0b280e0d884fb043a1a5daaee81d820bc87448111a6a425.jpg",
        "text": "$$\nQ _ { \\% } = f ( P ) + g ( T )\n$$",
        "text_format": "latex",
        "page_idx": 2
    },
    {
        "type": "text",
        "text": "where $Q \\%$ is the percentile flow, $f ( P )$ is a function of rainfall and $g ( T )$ is a function of the age of the plantation.Annual rainfall was chosen as the rainfall statistic as it proved to be the most robust predictor of flow over the whole range of flow percentiles,as compared with rainfall percentiles; e.g.median rainfall versus 1Oth flow percentile.The use of annual rainfall also minimises parameter complexity.The choice of model form is dependent on selecting a function that describes the relationship between forest age and ET. Scott and Smith (1997） demonstrated cumulative reductions in annual and low flows resulting from afforestation fitted a sigmoidal function,similar to forest growth functions. Consequently,we used a sigmoidal function to characterise the impact of plantation growth on each flow decile. Fig.2a is a schematic of the change in the FDC over time.The model took the form: ",
        "page_idx": 2
    },
    {
        "type": "equation",
        "img_path": "images/f5f34e0a4b651f111d01e90594072491a0ecf4e2d066f9c31b38bc1c6edd4b0f.jpg",
        "text": "$$\nQ _ { \\mathcal { Y } } = a + b ( \\Delta P ) + \\frac { Y } { 1 + \\exp \\left( \\frac { T - T _ { \\mathrm { h a l f } } } { S } \\right) }\n$$",
        "text_format": "latex",
        "page_idx": 2
    },
    {
        "type": "text",
        "text": "where $Q \\%$ is the percentile flow (i.e. $Q _ { 5 0 }$ is the 50th percentile flow), $Y$ and $s$ are coefficients of the sigmoidal term, $\\Delta P$ is the deviation of annual rainfall from the period of record average,and $T _ { \\mathrm { h a l f } }$ is the time in years at which half of the reduction in $Q \\%$ due to afforestation has taken place. For the average climate condition $\\Delta P { = } 0$ $a$ becomes the value of $Q \\%$ when the new equilibrium plantation water use under afforestation is reached.Y then gives the magnitude of change due to afforestation，and $s$ describes the shape of the response as shown in Fig.2b.For the average pre-treatment condition $\\Delta P { = } 0$ at $T { = } 0$ $Q \\%$ approximately equals $a + Y .$ Estimation of a preafforestation condition would not require the time term.Details of the optimisation scheme and sensitivity tests on initial parameter values are given in Lane et al. (2003). ",
        "page_idx": 2
    },
    {
        "type": "image",
        "img_path": "images/96d6643abe635edc6e9e567da14e288929fba4d8d085d31ab337ce6fea0c234c.jpg",
        "image_caption": [
            "Fig.2.(a) Schematic of the change in the FDC over time,and (b) definition of model parameters. "
        ],
        "image_footnote": [],
        "page_idx": 3
    },
    {
        "type": "text",
        "text": "2.2. Zero flow day analysis ",
        "text_level": 1,
        "page_idx": 3
    },
    {
        "type": "text",
        "text": "A notable feature of Fig.1 is the increase in the number of zero flow days.A similar approach to Eq.(2)，using an inverse sigmoidal function was employed to assess the impact of afforestation on the number of zero flow days per year $( N _ { \\mathrm { z e r o } } )$ . In this case, the left hand side of Eq.(2) is replaced by $N _ { \\mathrm { z e r o } }$ ,and $^ b$ and $s$ are constrained to negative as $N _ { \\mathrm { z e r o } }$ decreases as rainfall increases,and increases with plantation growth: ",
        "page_idx": 3
    },
    {
        "type": "equation",
        "img_path": "images/5c12639bf8439eef7c9168c30cce912c00695b521f3549777106e7d448fab5c5.jpg",
        "text": "$$\nN _ { \\mathrm { z e r o } } = a + b ( \\Delta P ) + \\frac { Y } { 1 + \\exp \\left( \\frac { T - T _ { \\mathrm { h a f f } } } { S } \\right) }\n$$",
        "text_format": "latex",
        "page_idx": 3
    },
    {
        "type": "text",
        "text": "For the average pre-treatment condition $\\Delta P { = } 0$ and $T { = } 0 , \\ N _ { \\mathrm { z e r o } }$ approximately equals $a , \\ Y$ gives the magnitude of change in zero flow days due to afforestation，and $s$ describes the shape of the response.For the average climate condition $\\Delta P { = } 0$ $a + Y$ becomes the number of zero flow days when the new equilibrium condition under afforestation is reached. ",
        "page_idx": 3
    },
    {
        "type": "text",
        "text": "",
        "page_idx": 3
    },
    {
        "type": "text",
        "text": "2.3. Statistical analyses ",
        "text_level": 1,
        "page_idx": 3
    },
    {
        "type": "text",
        "text": "The coeffcient of effciency $( E )$ (Nash and Sutcliffe,1970; Chiew and McMahon, 1993; Legates and McCabe,1999) was used as the‘goodness of fit' measure to evaluate the fit between observed and predicted flow deciles (2) and zero flow days (3). $E$ is given by: ",
        "page_idx": 3
    },
    {
        "type": "equation",
        "img_path": "images/ec35185a1aeaee4a96af6067eca0d287ce85885d01448cfac0299c2ea625789e.jpg",
        "text": "$$\nE = 1 . 0 - \\frac { \\sum _ { i = 1 } ^ { N } ( O _ { i } - P _ { i } ) ^ { 2 } } { \\sum _ { i = 1 } ^ { N } ( O _ { i } - \\bar { O } ) ^ { 2 } }\n$$",
        "text_format": "latex",
        "page_idx": 3
    },
    {
        "type": "text",
        "text": "where $o$ are observed data, $P$ are predicted values, and $\\bar { O }$ is the mean for the entire period. $E$ is unity minus the ratio of the mean square error to the variance in the observed data,and ranges from $- \\infty$ to 1.0.Higher values indicate greater agreement between observed and predicted data as per the coefficient of determination $( r ^ { 2 } )$ ： $E$ is used in preference to $r ^ { 2 }$ in evaluating hydrologic modelling because it isa measure of the deviation from the 1:1 line.As $E$ is always $< r ^ { 2 }$ we have arbitrarily considered $E > 0 . 7$ to indicate adequate model fits. ",
        "page_idx": 3
    },
    {
        "type": "text",
        "text": "It is important to assess the significance of the model parameters to check the model assumptions that rainfall and forest age are driving changes in the FDC. The model (2) was split into simplified forms, where only the rainfall or time terms were included by setting $b = 0$ ,as shown in Eq. (5),or $Y { = } 0$ as shown in Eq. (6). The component models (5) and (6) were then tested against the complete model, (2). ",
        "page_idx": 3
    },
    {
        "type": "equation",
        "img_path": "images/5ce954701ed514f080e862cdf4a22182c54c2345f3226860a9c4d768e8627bfa.jpg",
        "text": "$$\nQ _ { \\mathcal { I } _ { \\theta } } = a + \\frac { Y } { 1 + \\exp ( \\frac { T - T _ { \\mathrm { h a l f } } } { S } ) }\n$$",
        "text_format": "latex",
        "page_idx": 3
    },
    {
        "type": "text",
        "text": "and ",
        "page_idx": 3
    },
    {
        "type": "equation",
        "img_path": "images/584b01b9daf8f0cc110a2cba15abb15b05aff7548d874aded4e2dfbf630bcb6c.jpg",
        "text": "$$\nQ _ { \\% } = a + b \\Delta P\n$$",
        "text_format": "latex",
        "page_idx": 3
    },
    {
        "type": "text",
        "text": "For both the flow duration curve analysis and zero flow days analysis, a $t { \\cdot }$ -test was then performed to test whether (5) and (6) were significantly different to (2). A critical value of $t$ exceeding the calculated $t$ -value when comparing (5) and (2) would indicate the time term in (6） was required to improve the complete model and is therefore significant, and vice versa. ",
        "page_idx": 3
    },
    {
        "type": "table",
        "img_path": "images/ad3eae047f3ec3dae8364efb11bb4073e3508f16ccc936a0ed38965e0d35dc7f.jpg",
        "table_caption": [
            "ATAN ",
            ""
        ],
        "table_footnote": [],
        "table_body": "<table><tr><td></td><td>Area (ha)</td><td>Species</td><td>% Area planted</td><td>Mean annual rainfall (mm)</td><td>*Rain distrib.</td><td>Pre-treat- ment (years)</td><td>Forest age (years)</td><td>Mean soil depth (m)</td><td>BFI</td><td>Key references</td></tr><tr><td>Traralgon Ck (Vic)</td><td>8700</td><td>Eucalypt</td><td>~70</td><td>1472</td><td>U</td><td>22</td><td>19</td><td>2.0</td><td>0.37</td><td></td></tr><tr><td>Redhill (NSW)</td><td>195</td><td>P. radiata</td><td>78</td><td>866</td><td>W</td><td>0</td><td>9</td><td>1.0</td><td>0.39</td><td>Hickel, 2001</td></tr><tr><td>Pine Ck (Vic)</td><td>320</td><td>P. radiata</td><td>100</td><td>775</td><td>W</td><td>0</td><td>11</td><td>&lt;1.0</td><td>0.26</td><td></td></tr><tr><td>Stewarts Ck 5 (Vic)</td><td>18</td><td>P. radiata</td><td>100</td><td>1156</td><td>W</td><td>9</td><td>20</td><td>&lt;1.0</td><td>0.28</td><td>Nandakumar and Mein, 1993</td></tr><tr><td>Glendhu 2 (NZ)</td><td>310</td><td>P. radiata</td><td>67</td><td>1282</td><td>U</td><td>3</td><td>17</td><td>1.0</td><td>0.64</td><td>Fahey and Jackson,</td></tr><tr><td>Cathedral Peak 2 (SA)</td><td>190</td><td>P. patula</td><td>75</td><td>1436</td><td>S</td><td>2</td><td>20</td><td>1.5-2.0</td><td>0.66</td><td>1997 Scott et al., 2000</td></tr><tr><td>Cathedral Peak 3 (SA)</td><td>139</td><td>P. patula</td><td>86</td><td>1504</td><td>S</td><td>6</td><td>17</td><td>1.5-2.0</td><td>0.75</td><td> Scott et al., 2000</td></tr><tr><td>Lambrechtbos A(SA)</td><td>31</td><td>P. radiata</td><td>82</td><td>1134</td><td>W</td><td>30</td><td>19</td><td>1.5-2.0</td><td>0.78</td><td> Scott et al., 2000</td></tr><tr><td>Lambrechtbos B(SA)</td><td>66</td><td>P.radiata</td><td>89</td><td>1088</td><td>W</td><td>17</td><td>20</td><td>1.5-2.0</td><td>0.87</td><td> Scott et al., 2000</td></tr><tr><td>Biesievlei (SA)</td><td>27</td><td>P.radiata</td><td>98</td><td>1332</td><td>W</td><td>10</td><td>20</td><td>1.5-2.0</td><td>0.72</td><td> Scott et al., 2000</td></tr></table>",
        "page_idx": 4
    },
    {
        "type": "text",
        "text": "",
        "page_idx": 4
    },
    {
        "type": "text",
        "text": "Due to the constraint that the rainfall and time term must be positive,a one tailed $t \\cdot$ -test was applied. The $t \\cdot$ value was calculated as $F ^ { 0 . 5 }$ ，and compared with the critical value for significance at the O.O5 level. The $F .$ -statistic was calculated as: ",
        "page_idx": 4
    },
    {
        "type": "equation",
        "img_path": "images/3d8cc3e2e01b3949872c095426b18894e6ecbc7bc66a37da34ef20212b382371.jpg",
        "text": "$$\nF = \\frac { \\mathrm { [ ( S S E _ { s } - S S E _ { c } ) / ( d f _ { c } - d f _ { s } ) ] } } { \\mathrm { S S E _ { c } / d f _ { c } } }\n$$",
        "text_format": "latex",
        "page_idx": 4
    },
    {
        "type": "text",
        "text": "where SSE is the residual sum of the squared errors, df is degrees of freedom,and the subscripts s and c refer to the simplified model and complete models, respectively. ",
        "page_idx": 4
    },
    {
        "type": "text",
        "text": "3. Data sets ",
        "text_level": 1,
        "page_idx": 4
    },
    {
        "type": "text",
        "text": "Daily streamflow data were obtained from 10 catchment studies from southeastern Australia, New Zealand and South Africa. The initial criteria for selection of these catchments were a known vegetation history and streamflow records of good quality. The ideal data sets were those with a lengthy pre- and post-treatment (plantation establishment) flow record with approximately $100 \\%$ of the catchment converted from grassland or a crop equivalent to plantation. In reality,all these criteria were not easy to satisfy.For example in Victoria,Australia, the best data is from Stewarts Creek,a set of decommissioned research catchments with 9 years of pre-treatment data and 25 years of post-treatment.Here, though, the treatment was a conversion from native eucalypt forest to pine.The assumption made for this data set is that the immediate post-treatment period may be viewed as a non-forested condition. This condition is likely to approximate the ET conditions of pasture or short crops for up to 3 years. Catchment details and treatments are given in Table 1. ",
        "page_idx": 4
    },
    {
        "type": "text",
        "text": "All catchments,with the exception of Traralgon Creek,were afforested with pine species,predominantly Pinus radiata, with $P _ {  }$ patula planted at the two Cathedral Peak catchments. Traralgon Creek has only $6 \\%$ pine,with the remainder eucalypts species,most of which is Eucalyptus regnans. ",
        "page_idx": 4
    },
    {
        "type": "table",
        "img_path": "images/54e32e52d09378f34024bea1c3cefa957d74b9ebbf3832eee9094549290c8e36.jpg",
        "table_caption": [
            "Table 2 Significance of the rainfall and time terms "
        ],
        "table_footnote": [
            "indicates that te rainfallterm was significant at the $5 \\%$ level, $T$ indicates that the time term was significant at the $5 \\%$ level, \\* represents iignificance at the $10 \\%$ level,and na denotes too few data points for meaningful analysis. "
        ],
        "table_body": "<table><tr><td rowspan=\"2\">Site</td><td colspan=\"10\">Percentile</td></tr><tr><td>10</td><td>20</td><td>30</td><td>40</td><td>50</td><td>60</td><td>70</td><td>80</td><td>90</td><td>100</td></tr><tr><td>Traralgon Ck</td><td>P</td><td>P,*</td><td>P</td><td>P</td><td>P,</td><td>P,</td><td>P,</td><td>P,</td><td>P</td><td>P</td></tr><tr><td>Redhill</td><td>P,T</td><td>P,T</td><td>，*</td><td>**</td><td>P.T</td><td>P,*</td><td>P*</td><td>P*</td><td>*</td><td>，*</td></tr><tr><td>Pine Ck</td><td></td><td>P,T</td><td>P,T</td><td>P,T</td><td>P,T</td><td>T</td><td>T</td><td>T</td><td>na</td><td>na</td></tr><tr><td>Stewarts Ck 5</td><td>P,T</td><td>P,T</td><td>P,T</td><td>P,T</td><td>P.T</td><td>P.T</td><td>P,T</td><td>na</td><td>na</td><td>na</td></tr><tr><td>Glendhu 2</td><td>P</td><td>P,T</td><td>P,*</td><td>P,T</td><td>P.T</td><td>P,ns</td><td>P,T</td><td>P,T</td><td>P,T</td><td>P,T</td></tr><tr><td>Cathedral Peak 2</td><td>P,T</td><td>P,T</td><td>P,T</td><td>P,T</td><td>P,T</td><td>*,T</td><td>P,T</td><td>P,T</td><td>P,T</td><td>T</td></tr><tr><td>Cathedral Peak 3</td><td>P.T</td><td>P.T</td><td>P,T</td><td>P,T</td><td>P,T</td><td>T</td><td>P,T</td><td>P,T</td><td>P,T</td><td>T</td></tr><tr><td>Lambrechtsbos A</td><td>P,T</td><td>P</td><td>P</td><td>P,T</td><td>*,T</td><td>*,T</td><td>*,T</td><td>*,T</td><td>*,T</td><td>T</td></tr><tr><td>Lambrechtsbos B</td><td>P,T</td><td>P,T</td><td>P,T</td><td>P,T</td><td>P,T</td><td>P,T</td><td>P,T</td><td>P,T</td><td>T</td><td>T</td></tr><tr><td>Biesievlei</td><td>P,T</td><td>P.T</td><td>P,T</td><td>P,T</td><td>*,T</td><td>*,T</td><td>T</td><td>T</td><td>P,T</td><td>P,T</td></tr></table>",
        "page_idx": 5
    },
    {
        "type": "text",
        "text": "Data on soil characteristics have been obtained from published reports and personal communication with researchers, but is far from uniform,particularly regarding porosity. Consequently only an indication of mean depth is reported here.However, this does give some indication of the likely relative storage capacities of the catchments. To obtain insights into the pre-afforestation hydrologic characteristicsa baseflow separation was performed on the daily flows for the first 3 years following disturbance, using the digital filtering method of Lyne and Hollick (1979） with a filter coefficient of O.925 and three passes. The resultant average baseflow index (BFI), the ratio of baseflow to total flow, is given in Table 1. The Australian catchments display a notably lower BFI than the South African and New Zealand catchments. For Stewarts Creek,Pine Creek and Redhill the lower BFI is matched by the shallow soils.Pre-treatment data is not available for all catchment in the data set, so it was decided for the sake of consistency in the analysis to start each of the data sets in the year of treatment. The FDCs were constructed for water years of May-April for eight catchments. The 2 Cathedral Peak catchments were analysed for November-October because of the summer rainfall maxima (Table 2). ",
        "page_idx": 5
    },
    {
        "type": "text",
        "text": "",
        "page_idx": 5
    },
    {
        "type": "text",
        "text": "4. Results ",
        "text_level": 1,
        "page_idx": 5
    },
    {
        "type": "text",
        "text": "4.1. Model evaluation ",
        "text_level": 1,
        "page_idx": 5
    },
    {
        "type": "text",
        "text": "The fit of the complete model, Eq. (2),to the observed data was generally good. Table 2 gives the coefficient of efficiency $( E )$ for each flow percentile at all the catchments.The majority of fits $( 7 7 \\% )$ returned $E > 0 . 7$ ，with $6 0 \\% 0 . 8$ or better. The significance of the rainfall and time terms is given in Table 3 for all deciles,where solutions were found. There were not enough data to fit the model in five instances because of extended periods of zero flows. This problem is addressed to some extent in the zero flow analysis.If the rainfall signal is to be separated from the vegetation signal the rainfall terms must be significant. This term, $^ b$ ，was significant for $7 5 \\%$ of the deciles at the O.O5 level,and a further $9 \\%$ at the 0.10 level. The incidence of significance was greatest for the 10-50th percentiles at 45 of the 5O data sets at the O.05 level. The time term, $Y$ returned similar results,with $80 \\%$ of the deciles significant at 0.05 level. There were an additional $9 \\%$ of deciles significant at the O.1O level. ",
        "page_idx": 5
    },
    {
        "type": "table",
        "img_path": "images/73697e8a5dcb1eb39649178cdb687f997205da90c612becddd23953803f630d9.jpg",
        "table_caption": [
            "Table 3 Coefficient of effciency, $E$ "
        ],
        "table_footnote": [
            "ns Indicates that no solution was found,and na denotes deciles with too few data points for analysis. "
        ],
        "table_body": "<table><tr><td rowspan=\"2\">Site</td><td colspan=\"10\">Percentile</td></tr><tr><td>10</td><td>20</td><td>30</td><td>40</td><td>50</td><td>60</td><td>70</td><td>80</td><td>90</td><td>100</td></tr><tr><td>Traralgon Ck</td><td>0.82</td><td>0.85</td><td>0.81</td><td>0.81</td><td>0.83</td><td>0.78</td><td>0.80</td><td>0.77</td><td>0.65</td><td>0.56</td></tr><tr><td>Redhill</td><td>0.90</td><td>0.95</td><td>0.82</td><td>0.80</td><td>0.92</td><td>0.88</td><td>0.89</td><td>0.77</td><td>0.65</td><td>0.42</td></tr><tr><td>Pine Ck</td><td>0.56</td><td>0.76</td><td>0.88</td><td>0.99</td><td>0.99</td><td>0.99</td><td>0.71</td><td>0.99</td><td>na</td><td>na</td></tr><tr><td>Stewarts Ck 5</td><td>0.82</td><td>0.85</td><td>0.81</td><td>0.88</td><td>0.87</td><td>0.88</td><td>0.88</td><td>na</td><td>na</td><td>na</td></tr><tr><td>Glendhu 2</td><td>0.76</td><td>0.77</td><td>0.82</td><td>0.84</td><td>ns</td><td>0.87</td><td>0.89</td><td>0.90</td><td>0.86</td><td>0.76</td></tr><tr><td>Cathedral Peak 2</td><td>0.83</td><td>0.91</td><td>0.93</td><td>0.92</td><td>0.81</td><td>0.73</td><td>0.89</td><td>0.95</td><td>0.96</td><td>0.95</td></tr><tr><td>Cathedral Peak 3</td><td>0.68</td><td>0.75</td><td>0.78</td><td>0.91</td><td>0.96</td><td>0.95</td><td>0.94</td><td>0.81</td><td>0.84</td><td>0.79</td></tr><tr><td>Lambrechtsbos A</td><td>0.71</td><td>0.60</td><td>0.57</td><td>0.47</td><td>0.47</td><td>0.47</td><td>0.47</td><td>0.50</td><td>0.49</td><td>0.51</td></tr><tr><td>Lambrechtsbos B</td><td>0.82</td><td>0.76</td><td>0.70</td><td>0.66</td><td>0.65</td><td>0.65</td><td>0.62</td><td>0.59</td><td>0.58</td><td>0.58</td></tr><tr><td>Biesievlei</td><td>0.96</td><td>0.96</td><td>0.90</td><td>0.82</td><td>0.81</td><td>0.88</td><td>0.92</td><td>0.94</td><td>0.91</td><td>0.81</td></tr></table>",
        "page_idx": 5
    },
    {
        "type": "text",
        "text": "",
        "page_idx": 6
    },
    {
        "type": "text",
        "text": "The poorest $E$ values were those from Lambrechtsbos A and B.The high $E$ for 50-100th deciles at Biesievlei, where $^ b$ was not significant are notable. In general the model fits the higher flows (lower deciles) better,most of the poorer fits are in the 8O-100 percentile range.This can be expected given the results of the significance tests for $^ b$ . The results of the sensitivity analysis suggested that the $E$ values for Glendhu 2 and for 1Oth and 20th percentiles from Cathedral Peak 3 may exaggerate the goodness of fit to the exact form of the model (Lane et al., 2003). ",
        "page_idx": 6
    },
    {
        "type": "text",
        "text": "4.2. Adjusted FDCs-magnitude of flow reductions ",
        "text_level": 1,
        "page_idx": 6
    },
    {
        "type": "text",
        "text": "Following the successful fitting of (2） to the observed percentiles,the FDCs were adjusted for climate by setting $\\Delta P$ to zero,representing long term average annual rainfall. The climate adjusted FDCs produce an estimation of the change in flow percentiles over time for each catchment due to afforestation that may be viewed in two forms: new FDCs,adjusted for climate,as exemplified in Fig. 3 for Stewarts Creek 5,and a comparison between all catchments of the maximum change in yield (given by Y) for each flow percentile from baseline flows (given by $a + Y )$ as shown in Fig. 4. Where the new equilibrium of maximum water use is reached, the adjusted FDCs for individual years should be identical if rainfall variability has been accounted for. The new equilibrium is approximately reached for $T = 2 T _ { \\mathrm { h a l f } }$ ",
        "page_idx": 6
    },
    {
        "type": "image",
        "img_path": "images/3ea49647ab791afee5c59270e870eac0cf6c55449e60cd6fde44f12c8dc13328.jpg",
        "image_caption": [
            "Fig.3.Examples of observed and flow duration curves adjusted for average rainfall following afforestation for Stewarts Creek 5, Australia. "
        ],
        "image_footnote": [],
        "page_idx": 6
    },
    {
        "type": "text",
        "text": "$T _ { \\mathrm { h a l f } }$ values are given in Table 4.Fig.3 shows that for most deciles the adjusted FDCs are identical for 12 and 2O years after treatment. This fgure clearly demonstrates the necessity for FDC adjustment, particularly for the 2O years FDC. ",
        "page_idx": 6
    },
    {
        "type": "text",
        "text": "The relative net flow change due to afforestation is given by $Y / ( Y + a )$ , which represents the change from the old equilibrium water use condition of pre-treatment vegetation to the new equilibrium condition at forest canopy closure.This quantity is plotted for all catchments in Fig. 4. Some deciles have been removed from the data set, the 1Oth and 5Oth percentile for Glendhu 2 and the 10th and 2Oth percentiles from Cathedral Peak 3.The optimised value of a was zero or near zero for these cases, which is not consistent with the conceptual model. The changes shown in Fig.4are variable.However, there are some commonalities between catchment responses.Two types of responses (groups）were identified.Group 1 catchments show a substantial increase in the number of zero flow days,with a greater proportional reduction in low flows than high flows. Group 2 catchments show a more uniform proportional reduction in flows across all percentiles,albeit with some variability. The catchments in each group are: ",
        "page_idx": 6
    },
    {
        "type": "text",
        "text": "Group 1: Stewarts Creek,Pine Creek,and Redhill   \nGroup 2: Cathedral Peak 2 and 3,Lambrechtsbos A, Lambrechtsbos B,Glendhu 2,Biesievlei and Traralgon Creek ",
        "page_idx": 6
    },
    {
        "type": "image",
        "img_path": "images/92790058d0d8a40fcb71b68cd22267e58bc66423269e9e9d77c199c705ae91c6.jpg",
        "image_caption": [
            "Fig. 4.Net flow reductions $Y / ( Y + a )$ for all catchments. "
        ],
        "image_footnote": [],
        "page_idx": 7
    },
    {
        "type": "text",
        "text": "Group1 exhibit both the highest reduction of flows overall，and show the largest proportional reduction at lower flows，leading to a complete cessation of flow.Comparison of flow reductions is hindered slightly by the range of afforestation at the catchments (Table 1).These results could be scaled up to $100 \\%$ afforested if it is assumed there isa linear relationship between the area planted and flow reductions.As there is no evidence that this is the case we have not presented scaled reductions here. Linear scaling would shift the reduction curves upward for those catchments that are less than $100 \\%$ afforested，but would not change the shape of the curves or our groupings. ",
        "page_idx": 7
    },
    {
        "type": "text",
        "text": "4.3. Timing of flow reductions ",
        "text_level": 1,
        "page_idx": 7
    },
    {
        "type": "text",
        "text": "The speed of flow responses to afforestation can be evaluated by examining the value of $T _ { \\mathrm { h a l f } }$ (Table 4). There is substantial variation in response times both over the percentile spread in some individual catchments,and between the catchments.The majority of responses have a $T _ { \\mathrm { h a l f } }$ value between 5 and 1O years.Pine Creek and Stewarts Creek,Redhill and Lambrechtsbos A exhibit the fastest responses,with Biesievlei showing the most uniformly slow response. $T _ { \\mathrm { h a l f } }$ for the South African catchments display a good correspondence to published annual changes (Scott et al., 20OO; Van Wyk, 1987), excepting the 1O-2Oth deciles for both Cathedral Peak catchments and the lower deciles at Lambrechtsbos B. The $T _ { \\mathrm { h a l f } }$ from Glendhu 2 appears to be substantially lower than other published data (Fahey and Jackson, 1997). ",
        "page_idx": 7
    },
    {
        "type": "table",
        "img_path": "images/99b85749a019e8a7617e78d212b59d0f63adfe97e68ed7a7c2b29031b26a99e9.jpg",
        "table_caption": [
            "Table 4 $T _ { \\mathrm { h a l f } }$ (years) for all catchments "
        ],
        "table_footnote": [
            "Note that no solution could be found for the 5O percentile for Glendhu indicted by the ns. "
        ],
        "table_body": "<table><tr><td rowspan=\"2\">Site</td><td colspan=\"10\">Percentile</td></tr><tr><td>10</td><td>20</td><td>30</td><td>40</td><td>50</td><td>60</td><td>70</td><td>80</td><td>90</td><td>100</td></tr><tr><td>Traralgon Ck</td><td>9.68</td><td>9.59</td><td>9.99</td><td>10.02</td><td>4.92</td><td>7.59</td><td>4.92</td><td>3.97</td><td>4.39</td><td>5.97</td></tr><tr><td>Redhill</td><td>6.13</td><td>6.07</td><td>5.99</td><td>5.99</td><td>6.07</td><td>6.04</td><td>6.79</td><td>6.81</td><td>6.02</td><td>6.00</td></tr><tr><td>Pine Ck</td><td>9.87</td><td>5.52</td><td>5.45</td><td>5.22</td><td>5.69</td><td>5.86</td><td>0.64</td><td>1.25</td><td>na</td><td>na</td></tr><tr><td>Stewarts Ck 5</td><td>6.49</td><td>6.41</td><td>6.09</td><td>5.96</td><td>3.89</td><td>3.03</td><td>2.31</td><td>na</td><td>na</td><td>na</td></tr><tr><td>Glendhu 2</td><td>19.59</td><td>2.67</td><td>2.24</td><td>2.08</td><td>ns</td><td>2.06</td><td>2.07</td><td>1.62</td><td>6.63</td><td>2.02</td></tr><tr><td>Cathedral Peak 2</td><td>4.96</td><td>3.92</td><td>5.78</td><td>7.68</td><td>8.64</td><td>8.95</td><td>9.26</td><td>9.08</td><td>8.93</td><td>9.47</td></tr><tr><td>Cathedral Peak 3</td><td>14.13</td><td>13.20</td><td>7.02</td><td>7.44</td><td>9.01</td><td>8.68</td><td>8.87</td><td>9.46</td><td>8.16</td><td>6.98</td></tr><tr><td>Lambrechtsbos A</td><td>6.89</td><td>6.87</td><td>6.93</td><td>6.89</td><td>6.88</td><td>6.97</td><td>6.94</td><td>6.93</td><td>6.94</td><td>6.97</td></tr><tr><td>Lambrechtsbos B</td><td>14.52</td><td>14.84</td><td>14.89</td><td>10.98</td><td>6.89</td><td>5.69</td><td>5.55</td><td>6.01</td><td>6.23</td><td>6.29</td></tr><tr><td>Biesievlei</td><td>9.36</td><td>9.17</td><td>9.59</td><td>10.32</td><td>10.78</td><td>10.46</td><td>10.06</td><td>10.08</td><td>10</td><td>10.10</td></tr></table>",
        "page_idx": 7
    },
    {
        "type": "table",
        "img_path": "images/3a900513588b9663017306a299b15ea9a2180fea6f400725dd331658f54c6a34.jpg",
        "table_caption": [
            "Table 5 Publishedfowuctisdatcelyferotl.),ckelol),anakmrein993)d Jackson (1997) compared to estimated reductions in this study "
        ],
        "table_footnote": [
            "aRainfallrefers totherainfallintheyearusedforcomparisonofresults.Thevalue inbracketsrefers tothedeviationfromthemeanaual rainfall for the period of record. bTotal flow reduction calculated by $\\sum Y / \\sum ( a + Y )$ for all deciles. Low flow reduction calculated by $\\sum Y / \\sum ( a + Y )$ for 70, 80, 90 and $1 0 0 \\mathrm { { t h } }$ percentiles. d For Cathedral Peak 3 the $a$ and $Y$ values for the 10 and $2 0 \\mathrm { { t h } }$ percentiles wereexcludedasthe valsof $a$ were lower then the values f the 30-100th percentiles. "
        ],
        "table_body": "<table><tr><td rowspan=\"2\">Catchment</td><td rowspan=\"2\">Year</td><td rowspan=\"2\">Rainfalla(mm)</td><td rowspan=\"2\">Total flow reduction (%)</td><td rowspan=\"2\">Low fow reduction (%)</td><td colspan=\"2\">Estimated from Fig. 4</td></tr><tr><td>Total flow reduction (%)b</td><td>Low flow reduction (%)e</td></tr><tr><td>Cathedral Peak 2</td><td>21</td><td>1516 (+80)</td><td>50</td><td>48</td><td>57</td><td>54</td></tr><tr><td>Cathedral Peak 3</td><td>18</td><td>1556 (+52)</td><td>60</td><td>53</td><td>62d</td><td>53</td></tr><tr><td>Lambrechtsbos A</td><td>13</td><td>1111(-23)</td><td>41</td><td>34</td><td>41</td><td>38</td></tr><tr><td>Lambrechtsbos B</td><td>18</td><td>1079(-9)</td><td>69</td><td>78</td><td>58</td><td>63</td></tr><tr><td>Biesievlei</td><td>20</td><td>1388 (+6)</td><td>52</td><td>62</td><td>52</td><td>60</td></tr><tr><td>Redhill</td><td>9</td><td>783(-93)</td><td>66</td><td>100</td><td>75</td><td>100</td></tr><tr><td>Stewarts Ck 5</td><td>20</td><td>1249 (+93)</td><td>69</td><td></td><td>64</td><td></td></tr><tr><td>Glendhu</td><td colspan=\"2\">Average reduction</td><td>27</td><td>&lt;20</td><td>32</td><td>35</td></tr></table>",
        "page_idx": 8
    },
    {
        "type": "text",
        "text": "",
        "page_idx": 8
    },
    {
        "type": "text",
        "text": "4.4. Comparison with paired catchment studies ",
        "text_level": 1,
        "page_idx": 8
    },
    {
        "type": "text",
        "text": "A further check on the overall model performance is a comparison with published results of paired catchment studies.The data that can be compared with our results are presented in Table 5 and can be broadly compared with Fig. 4. These data are reductions in years with near average annual rainfall,and at a time after treatment when maximum changes in streamflow have occurred. Table 5 also includes estimates on the total and low flow reductions calculated from this study.Results from Pine Creek and Traralgon Creek are not included in Table 5 as these catchments are not paired. Exact comparisons are impossible because of the rainfall variability,and lack of calibration period for Redhill. Despite this, Table 5 shows that total and low flow reductions estimated from our study are comparable to the results from paired catchment studies,indicating that our simple model has successfully removed the rainfall signal. ",
        "page_idx": 8
    },
    {
        "type": "text",
        "text": "4.5. Zero flow days ",
        "text_level": 1,
        "page_idx": 8
    },
    {
        "type": "text",
        "text": "As this analysis could only be applied,where there was consistent drying up of streams, it was confined to Stewarts Creek,Pine Creek and Redhill catchments.The model returned values of $E$ of 0.95, 0.99 and 0.99, respectively. The $t \\cdot$ -tests on $^ b$ and $\\Delta N _ { \\mathrm { z e r o } }$ returned significant results at the O.O5 level for both parameters at all three catchments. The climate adjusted zero flow days are shown in Fig.5. The increases in zero flow days are substantial with flows confined to less than $50 \\%$ of the time by year 8 at Stewarts $\\mathrm { C k }$ and Pine $\\mathrm { C k }$ and year 11 at Redhill. The latter has changed from an almost permanent to a highly intermittent stream. The curves are also in sensible agreement with the flow reductions in Fig. 4. ",
        "page_idx": 8
    },
    {
        "type": "text",
        "text": "5. Discussion ",
        "text_level": 1,
        "page_idx": 8
    },
    {
        "type": "text",
        "text": "The aims of the project have largely been met. The general characterisation of FDCs and adjustment for climate has been very encouraging given the task of fitting our model to 10 flow percentiles,for 1O different catchments (resulting in 1OO model fits） with substantially varying spatial scales,soils and geology, species planted and climatic environments.Although there were poor results for individual deciles, the FDCs at eight of the 1O catchments were adequately described by Eq. (2).The results of the statistical tests in which the rainfall term was significant for most deciles demonstrated the model structure was appropriate for adjusting the FDCs for climatic (rainfall） variability.The comparisons of our results with published paired catchment analyses are satisfactory，although the different methodologies make direct comparisons of deciles with total flow uncertain. Low flows at ",
        "page_idx": 8
    },
    {
        "type": "image",
        "img_path": "images/f9d4a2660aa1407ba2f30a9aa19228508b158f054f8427a493c85073b2d87cfd.jpg",
        "image_caption": [
            "Fig.5.Number of zero flow days for average rainfall following afforestation for Stewarts Creek 5,Redhill and Pine Creek, Australia. "
        ],
        "image_footnote": [],
        "page_idx": 9
    },
    {
        "type": "text",
        "text": "",
        "page_idx": 9
    },
    {
        "type": "text",
        "text": "Lambrechtsbos B appear to be over-estimated by our model, which is unsurprising as the model fit was poor. The remaining four South African catchments,and also Redhill and Stewarts Creek are in good agreement with the published values,particularly when the deviation of average rainfall is considered. Glendhu 2 reductions are close to the reported $27 \\%$ ，but our model produces a heavier impact on the lower flows. Overall, it appears there are no significant discrepancies with the published paired catchment analyses.We suggest our technique represents an alternative to the paired-catchment method for assessing hydrologic response to vegetation treatment,where paired data are unavailable.The method has not yet resulted in a predictive model, but has increased our knowledge of afforestation impacts.This is a valuable outcome given the contentious issue of afforestation in Australia and other countries,and a current paucity of data on inter-annual flows.It should be noted that nine of the 1O catchment were pine species. More data is required to compare the impact of hardwood species,particularly eucalypts,on the FDC. Unfortunately these data are currently scarce. There are substantial data on the physiological controls of eucalypt water use (see Whitehead and Beadle, 2OO4), but not at the catchment scale. ",
        "page_idx": 9
    },
    {
        "type": "text",
        "text": "The model fits show we have quantified the net impact of afforestation for the majority of the flow percentiles in the 1O catchments.Results for the 10-50th percentiles were particularly encouraging. It isnot surprising that the relationship between rainfall and flow diminishes at lower flows (60-1OOth percentile),where seasonal storage effects and rainfall distribution become more important drivers for runoff generation. The poorest model fits were gained for Lambrechtsbos A and B.The likely reason at Lambrechtsbos A is an observed annual decrease in stand water use after 12 years (Scott et al., 2OoO) which does not conform to the sigmoidal form of our model over the full 19 years of record. The failure of the model to fit the lower flows at Lambrechtsbos B is not as explicable.A decrease in stand water use in this catchment is observed as the plantation ages,but does not occur during the first 20 years after treatment (Scott et al., 2OOO). Other data from South Africa (Scott et al.，2OOO) indicate there are diminished flow reductions as plantations age, but again, generally after 2O years. Our use of an asymptotic curve assumes a new equilibrium of stand water use is reached. The results of the model fitting generally justify this assumption for the length of commercial plantation growth (up to 2O years） considered here. The physiological relationship between stand age and water use for plantation species other than $E .$ regnans have not been thoroughly investigated, although Cornish and Vertessy (2001） and Roberts et al. (2001） have shown young mixed species eucalypt forests may use more water than mature stands,and Putahena and Cordery (2OoO) suggest maximum Pinus radiata water use may have been reached after12 years,with a subsequent decline. ",
        "page_idx": 9
    },
    {
        "type": "text",
        "text": "",
        "page_idx": 10
    },
    {
        "type": "text",
        "text": "The small Australian catchments converted to pine in response group 1 (Stewarts Creek 5,Pine Creek and Redhill） have similar shallow soils,potential evapotranspiration and rainfall distribution (relativelyuniform） although Stewarts Creek is significantly wetter. The combination of small catchment area and the increased transpirative demand that exceeds summer and autumn rainfalland stored water results in the large impact on lower flows,compared to high flows. ",
        "page_idx": 10
    },
    {
        "type": "text",
        "text": "The magnitude of the response within Group 2 varies considerably, with greater reduction in flows in the two Cathedral Peak catchments,and Lambrechtsbos B. Potential evaporation is in phase with rainfall at the Cathedral Peak sites as they receive $85 \\%$ （ $1 2 6 0 \\mathrm { m m }$ on average) of their rainfall in summer. The conjunction of peak demand and plant water availability may explain the high reductions relative to the remaining catchments in Group 2. In addition， the stocking density was described as‘abnormally dense’by Scott et al. (2000). Growth at Glendhu 2 was notably slow (Fahey and Jackson,1997) and Lambrechtsbos A and Biesievlei are described as being within sub optimal growth zones (Scott and Smith,1997) characterised by these authors as having relatively slow response times and lesser reductions that those at more optimal sites. ",
        "page_idx": 10
    },
    {
        "type": "text",
        "text": "The response groups may be in part explained by the storage characteristics of the catchments.Accurate measures of storage are not available from the literature, but the soil depths and the baseflow index (Table 1) both show the three south eastern Australian catchments with the greatest reduction are likely to have the lowest storage capacity. The greater flow reductions,particularly for low flows,could be expected under these conditions.Inclusion of a storage term in the model is an obvious option for improving the analysis.However the addition of extra parameters would be at the cost of maintaining model simplicity,particularlyas characterising a transient storage is not trivial. ",
        "page_idx": 10
    },
    {
        "type": "text",
        "text": "Traralgon Creek would be expected to have both the most subdued flow reductions and longer response time because of the large area of $E .$ regnans forest,and uncertain vegetation record. Peak stand water use of a natural stand of this species is around 3O years. Additionally in this large,‘real world’ catchment, there is a continuous cycle of forest management which includes harvesting.A mixture of pasture and ‘scrub'，which could represent significant understorey stands，were replaced by plantation species. Consequently the difference between pre and post treatment ET may be less than at other catchments.Reductions of this magnitude could be more readily expected in larger, multi land use catchments than the very high impacts estimated at the smaller Australian catchments. ",
        "page_idx": 10
    },
    {
        "type": "text",
        "text": "The analysis of zero flow days was successful, demonstrating that the impact on flow intermittence can be evaluated without of the entire FDC.This was helpful as the change in the higher percentiles (low flows) could not always be modelled. The results for the three catchments analysed are a rather stark indication of the potential for highly increased zero flow periods in small catchments, at least in south-eastern Australia. However, it should be noted these curves probably represent a maximum response as they are all derived from small catchments with small storage capacities and large percentages of afforestation. This method could be used to determine change in the occurrence of any given flow in response to afforestation；e.g.to determine the likelihood of maintaining a reservoir storage or an environmental flow that requires an average critical flow. ",
        "page_idx": 10
    },
    {
        "type": "text",
        "text": "6. Summary and conclusions ",
        "text_level": 1,
        "page_idx": 10
    },
    {
        "type": "text",
        "text": "This project sought to (i) develop a method to remove the climate signal from streamflow records to identify the impact of vegetation on flow from afforested catchments,and (ii) quantify this impact on the flow duration curve.A simple model was proposed that considered the age of plantation and the annual rainfall to be the principal drivers for evapotranspiration. This model was fitted to the observed deciles of the FDC,and the climate signal was then removed from the streamflow records by adjusting the FDC for average rainfall over the period of record. The model was tested and applied to 1O afforested catchments.We successfully fitted our model to catchments with varying spatial scales,species and environments,and have shown that it provides a means of separating the influence of climate and vegetation on the FDCs. The modelled results showed the greatest proportional impacts were for median and lower flows. The flow reductions from the three small catchments SE Australian were the highest and may reflect lower storages.The characterisation of the number of zero flow days was also successful for these catchments in indicating a significant increase in zero flows.The flow reductions identified here probably represent a maximum effect given the size of the catchments,level of afforestation and the shallow soils. These results have yielded useful new insights on the contentious issue of the hydrological impact of afforestation. This research has led to the development of a method to assess the net impact of afforestation on the flow duration curve which does not require pairedcatchments to remove climatic variability. ",
        "page_idx": 10
    },
    {
        "type": "text",
        "text": "",
        "page_idx": 11
    },
    {
        "type": "text",
        "text": "Acknowledgements ",
        "text_level": 1,
        "page_idx": 11
    },
    {
        "type": "text",
        "text": "The authors would like to thank Rory Nathan, Narendra Tuteja,Tom McMahon,Geoff Podger,Rob Vertessy,Glen Walker and Peter Hairsine for particularly helpful discussions on methodologies and reviews, Richard Morton for valuable statistical advice,Dave Scottfor supplying the South African data, Barry Fahey for the New Zealand data,and Hancocks Victorian Plantations for vegetation data. The study was funded by the Victorian Department of Natural Resources and Environment Private Forestry Unit, the CRC for Catchment Hydrology,and the MDBC funded project ‘Integrated assessment of the effects of land use changes on water yield and salt loads’ (D2013). ",
        "page_idx": 11
    },
    {
        "type": "text",
        "text": "References ",
        "text_level": 1,
        "page_idx": 11
    },
    {
        "type": "text",
        "text": "Bosch,J.M.，1979.Treatment effects on annual and dry period streamflow at Cathedral Peak. South African Forestry Journal 108, 29-37.   \nBosch,J.M.,Von Gadow,K.,199o.Regulating afforestation for water conservation in South Africa. Suid-Afrikaanse Bosboutydskrif 153, 41-54.   \nChiew,F.H.S.,McMahon,T.A.,1993.Assessing the adequacy of catchment streamflow yield estimates.Australian Journal of Soil Research 31,665-680.   \nCornish,P.M., Vertessy,R.A.,2001.Forest age-inducedchanges in evapotranspiration and water yield in a eucalypt forest.Journal of Hydrology 242,43-63.   \nFahey,B., Jackson,R.，1997.Hydrological impactsof converting native forestsandgrasslandsto pineplantations，South Island,New Zealand.Agricultural and Forest Meteorology 84, 69-82.   \nHickel,K.,2Oo1.The effect of pine afforestation on flow regime in small upland catchments.Masters Thesis, University of Stuttgart, p. 134.   \nHolmes,J.W.,Sinclair,J.A.,1986.Water yield from some affrested catchments in Victoria.In Hydrology and Water Resources Symposium, Griffith University,Brisbane 25-27 November 1986, pp.214-218.   \nLane,P.N.J.,Best,A.E.,Hickel,K.,Zhang,L.,20O3.The effect of afforestation on flow duration curves.Cooperative Research Centre for Catchment Hydrology Technical Report 03/13, p.25.   \nLegates,D.R., McCabe,G.J.,1999.Evaluating the useof ‘goodnessof-fit'measures in hydrologic and hydroclimatic model validation. WaterResourcesResearch35,233-241.   \nLyne,V.D.,Hollick,M.,979.Stochastic time-varying rainfall-runoff modelling. Hydrology and Water Resources Symposium, Perth. Institution of Engineers,Australia, pp. 89-92.   \nNandakumar,N.,Mein,R.G.,1993.Analysis of paired catchment data to determine the hydrologic effects of changes in vegetative cover on yield.Technical Report for Project UMo1o,Monash University Dept. of Civil Engineering, $2 1 9 \\ \\mathrm { p }$   \nNash,J.E.，Sutcliffe,J.V.，197O.River flow forecasting through conceptual models,I,A discussion of principals.Journal of Hydrology 10,282-290.   \nPutahena，W.M.，Cordery,I.，20oo. Some hydrological effects of changing forest cover from eucalyptus to Pinus radiata.Agricultural and Forest Meteorology 100, 59-72.   \nRoberts,S., Vertessy,R.A., Grayson,R.G.,2Oo1. Transpiration from Eucalyptus sieberi (L.Johnson） forests of different age.Forest Ecology and Management 143,153-161.   \nScott,D.F.,Smith,R.E.,1997.Preliminary empirical models to predict reductions in total and low flows resulting from afforestation. Water S.A.23,135-140.   \nScottD.F.，Prinsloo，F.W.，Moses，G.，Mehlomakulu，M., Simmers,A.D.A.，20oo．Area-analysis of the South African catchmentafforestationexperimental data.WRCReport No.810/1/00.   \nSikka,A.K., Samra,J.S., Sharda,V.N.,Samraj,P.,Lakshmanan,V., 2003.Low flow and high responses to converting natural grassland into bluegum (Eucalyptus globulus) in Ningiris watersheds of South India.Journal of Hydrology 270,12-26.   \nSmakhtin, V.U.,1999.A concept of pragmatic hydrological time series modelling and its application in South African context.In Ninth South African National Hydrology Symposium, 29-30 November 1999, p. 1-11.   \nSmakhtin,V.U.,2001.Low flow hydrology:areview.Journal of Hydrology 240,147-186.   \nVan Lill,W.S.,Kruger,F.J.,Van Wyk,D.B.,1980. The effectof afforestation with Eucalyptus grandis Hill ex Maiden and Pinus patula Schlect.et Cham. on streamflow from experimental catchments at Mokubulaan, Transvaal. Journal of Hydrology 48,   \n107-118. Van Wyk,D.B.,1987. Some effects of afforestation on streamflow in the Western Cape Province, South Africa. Water S.A.13,   \n31-36. Vertessy，R.A.，Bessard，Y.，1999．Anticipating the negative hydrologic effects ofplantation expansion: resultsfroma GIS-based analysis on the Murrumbidgee Basin,in: Croke,J., Lane,P.N.J. (Eds.),Forest Management for Water Quality and Quantity:Proceedings of the 2nd Erosion in Forests Meeting Cooperative Research Centre for Catchment Hydrology,Report   \n99/6,pp. 69-73.   \nVogel,R.M.,Fennessey,N.M.,1994.Flow duration curves.1.New interpretation and confidence intervals. Journal of Water Planning and Management 120 (4),485-504.   \nWhitehead,D.，Beadle C.L.，2Oo4．Physiological regulationof productivity and water use in Eucalyptus: a review.Forest Ecology and Management,193,113-140.   \nZhang,L.,Dawes,W.R.,Walker,G.R.,1999.Predicting the effect of vegetation changes on catchment average water balance. Cooperative Research Centre for Catchment Hydrology Technical Report 99/12, p. 35.   \nZhang,L.,Dawes,W.R.，Walker,G.R.,20o1.Response of mean annual evapotranspiration to vegetation changes at catchment scale.Water Resources Research 37,701-708. ",
        "page_idx": 11
    },
    {
        "type": "text",
        "text": "",
        "page_idx": 11
    },
    {
        "type": "text",
        "text": "",
        "page_idx": 12
    },
    {
        "type": "text",
        "text": "",
        "page_idx": 12
    }
]